

INSERT INTO CURSO (NOMBRE, CAPACIDAD) VALUES ('Java',30);
INSERT INTO CURSO (NOMBRE, CAPACIDAD) VALUES ('Angular',30);
INSERT INTO CURSO (NOMBRE, CAPACIDAD) VALUES ('Html',30);
INSERT INTO CURSO (NOMBRE, CAPACIDAD) VALUES ('CSS',30);
INSERT INTO CURSO (NOMBRE, CAPACIDAD) VALUES ('Word',30);
INSERT INTO CURSO (NOMBRE, CAPACIDAD) VALUES ('Excel',30);

INSERT INTO PERSONA (ID_PERSONA, NOMBRE, APELLIDO, TIPO_PERSONA) VALUES (123456, 'Willy','Yannet', 1);
INSERT INTO PERSONA (ID_PERSONA, NOMBRE, APELLIDO, TIPO_PERSONA) VALUES (10518375, 'ABNER','ABAD', 1);
INSERT INTO PERSONA (ID_PERSONA, NOMBRE, APELLIDO, TIPO_PERSONA) VALUES (10978719, 'ABRAHAM','ABARZUA', 1);
INSERT INTO PERSONA (ID_PERSONA, NOMBRE, APELLIDO, TIPO_PERSONA) VALUES (12253316, 'ACXANA','ABRIGO', 1);
INSERT INTO PERSONA (ID_PERSONA, NOMBRE, APELLIDO, TIPO_PERSONA) VALUES (12532245, 'ADRIAN','ABURTO', 1);
INSERT INTO PERSONA (ID_PERSONA, NOMBRE, APELLIDO, TIPO_PERSONA) VALUES (12864645, 'AIDA','ACEVEDO', 1);
INSERT INTO PERSONA (ID_PERSONA, NOMBRE, APELLIDO, TIPO_PERSONA) VALUES (12924747, 'ALAN','ACOSTA', 1);
INSERT INTO PERSONA (ID_PERSONA, NOMBRE, APELLIDO, TIPO_PERSONA) VALUES (13853689, 'ALDO','AEDO', 1);
INSERT INTO PERSONA (ID_PERSONA, NOMBRE, APELLIDO, TIPO_PERSONA) VALUES (13853990, 'ALEJANDRA','AGUAYO', 1);
INSERT INTO PERSONA (ID_PERSONA, NOMBRE, APELLIDO, TIPO_PERSONA) VALUES (13958996, 'ALEJANDRA','AGUAYO', 1);
INSERT INTO PERSONA (ID_PERSONA, NOMBRE, APELLIDO, TIPO_PERSONA) VALUES (14072079, 'ALEJANDRA','AGUILERA', 1);
INSERT INTO PERSONA (ID_PERSONA, NOMBRE, APELLIDO, TIPO_PERSONA) VALUES (14255614, 'ALEJANDRO','AILLON', 1);
INSERT INTO PERSONA (ID_PERSONA, NOMBRE, APELLIDO, TIPO_PERSONA) VALUES (14466717, 'ALEJANDRO','ALARCON', 1);
INSERT INTO PERSONA (ID_PERSONA, NOMBRE, APELLIDO, TIPO_PERSONA) VALUES (15193807, 'ALEXIS','ALBORNOZ', 1);
INSERT INTO PERSONA (ID_PERSONA, NOMBRE, APELLIDO, TIPO_PERSONA) VALUES (15194051, 'ALEXIS','ALBORNOZ', 1);
INSERT INTO PERSONA (ID_PERSONA, NOMBRE, APELLIDO, TIPO_PERSONA) VALUES (15198488, 'ALFONSO','ALTAMIRANO', 1);
INSERT INTO PERSONA (ID_PERSONA, NOMBRE, APELLIDO, TIPO_PERSONA) VALUES (15198553, 'ALFREDO','ALVEAL', 1);
INSERT INTO PERSONA (ID_PERSONA, NOMBRE, APELLIDO, TIPO_PERSONA) VALUES (15408762, 'ALVARO','ALVIAL', 1);
INSERT INTO PERSONA (ID_PERSONA, NOMBRE, APELLIDO, TIPO_PERSONA) VALUES (15474323, 'ALVARO','ANDRADE', 1);
INSERT INTO PERSONA (ID_PERSONA, NOMBRE, APELLIDO, TIPO_PERSONA) VALUES (15529483, 'ALVARO','ANTIMAN', 1);
INSERT INTO PERSONA (ID_PERSONA, NOMBRE, APELLIDO, TIPO_PERSONA) VALUES (15538532, 'ALVARO','ANTINAO', 1);
INSERT INTO PERSONA (ID_PERSONA, NOMBRE, APELLIDO, TIPO_PERSONA) VALUES (15659082, 'ALVARO','APABLAZA', 1);
INSERT INTO PERSONA (ID_PERSONA, NOMBRE, APELLIDO, TIPO_PERSONA) VALUES (15659123, 'ANA','ARANCIBIA', 1);
INSERT INTO PERSONA (ID_PERSONA, NOMBRE, APELLIDO, TIPO_PERSONA) VALUES (15741101, 'ANA','ARANEDA', 1);
INSERT INTO PERSONA (ID_PERSONA, NOMBRE, APELLIDO, TIPO_PERSONA) VALUES (15756025, 'ANA','ARANEDA', 1);
INSERT INTO PERSONA (ID_PERSONA, NOMBRE, APELLIDO, TIPO_PERSONA) VALUES (15969194, 'ANGELICA','ARDILES', 1);
INSERT INTO PERSONA (ID_PERSONA, NOMBRE, APELLIDO, TIPO_PERSONA) VALUES (16039278, 'ANGELINE','ARELLANO', 1);
INSERT INTO PERSONA (ID_PERSONA, NOMBRE, APELLIDO, TIPO_PERSONA) VALUES (16108569, 'ANIELA','AREVALO', 1);
INSERT INTO PERSONA (ID_PERSONA, NOMBRE, APELLIDO, TIPO_PERSONA) VALUES (16108733, 'ANITA','AREVALO', 1);
INSERT INTO PERSONA (ID_PERSONA, NOMBRE, APELLIDO, TIPO_PERSONA) VALUES (16140968, 'ARANZA','ARIAS', 1);
INSERT INTO PERSONA (ID_PERSONA, NOMBRE, APELLIDO, TIPO_PERSONA) VALUES (16156013, 'ARIEL','ARRANO', 1);
INSERT INTO PERSONA (ID_PERSONA, NOMBRE, APELLIDO, TIPO_PERSONA) VALUES (16157231, 'ARIEL','ARRIAGADA', 1);
INSERT INTO PERSONA (ID_PERSONA, NOMBRE, APELLIDO, TIPO_PERSONA) VALUES (16157303, 'ARLETTE','ARROYO', 1);
INSERT INTO PERSONA (ID_PERSONA, NOMBRE, APELLIDO, TIPO_PERSONA) VALUES (16157483, 'ASHLEY','ARTEAGA', 1);
INSERT INTO PERSONA (ID_PERSONA, NOMBRE, APELLIDO, TIPO_PERSONA) VALUES (16157679, 'AYLEEN','ASKEN', 1);
INSERT INTO PERSONA (ID_PERSONA, NOMBRE, APELLIDO, TIPO_PERSONA) VALUES (16157696, 'BARBARA','ASTETE', 1);
INSERT INTO PERSONA (ID_PERSONA, NOMBRE, APELLIDO, TIPO_PERSONA) VALUES (16348386, 'BARBARA','AVENDANO', 1);
INSERT INTO PERSONA (ID_PERSONA, NOMBRE, APELLIDO, TIPO_PERSONA) VALUES (16387812, 'BARBARA','AVILA', 1);
INSERT INTO PERSONA (ID_PERSONA, NOMBRE, APELLIDO, TIPO_PERSONA) VALUES (16387869, 'BARBARA','AVILA', 1);
INSERT INTO PERSONA (ID_PERSONA, NOMBRE, APELLIDO, TIPO_PERSONA) VALUES (16387907, 'BARBARA','AZOCAR', 1);
INSERT INTO PERSONA (ID_PERSONA, NOMBRE, APELLIDO, TIPO_PERSONA) VALUES (16498502, 'BASTIAN','BALMAZABAL', 1);
INSERT INTO PERSONA (ID_PERSONA, NOMBRE, APELLIDO, TIPO_PERSONA) VALUES (16498907, 'BASTIAN','BARRAZA', 1);
INSERT INTO PERSONA (ID_PERSONA, NOMBRE, APELLIDO, TIPO_PERSONA) VALUES (16504452, 'BELEN','BARRIA', 1);
INSERT INTO PERSONA (ID_PERSONA, NOMBRE, APELLIDO, TIPO_PERSONA) VALUES (16504608, 'BELIA','BARRIA', 1);
INSERT INTO PERSONA (ID_PERSONA, NOMBRE, APELLIDO, TIPO_PERSONA) VALUES (16504698, 'BENJAMIN','BARRIGA', 1);
INSERT INTO PERSONA (ID_PERSONA, NOMBRE, APELLIDO, TIPO_PERSONA) VALUES (16513449, 'BETSAIDA','BASTIAS', 1);
INSERT INTO PERSONA (ID_PERSONA, NOMBRE, APELLIDO, TIPO_PERSONA) VALUES (16689906, 'BRENDA','BAZA', 1);
INSERT INTO PERSONA (ID_PERSONA, NOMBRE, APELLIDO, TIPO_PERSONA) VALUES (16689986, 'BRENDA','BECERRA', 1);
INSERT INTO PERSONA (ID_PERSONA, NOMBRE, APELLIDO, TIPO_PERSONA) VALUES (16707051, 'BRIAN','BELLO', 1);
INSERT INTO PERSONA (ID_PERSONA, NOMBRE, APELLIDO, TIPO_PERSONA) VALUES (16707304, 'CAMILA','BELMAR', 1);
INSERT INTO PERSONA (ID_PERSONA, NOMBRE, APELLIDO, TIPO_PERSONA) VALUES (16765858, 'CAMILA','BELTRAN', 1);
INSERT INTO PERSONA (ID_PERSONA, NOMBRE, APELLIDO, TIPO_PERSONA) VALUES (16817827, 'CAMILA','BENAVENTE', 1);
INSERT INTO PERSONA (ID_PERSONA, NOMBRE, APELLIDO, TIPO_PERSONA) VALUES (16817898, 'CAMILA','BERNAL', 1);
INSERT INTO PERSONA (ID_PERSONA, NOMBRE, APELLIDO, TIPO_PERSONA) VALUES (16818398, 'CAMILA','BRAVO', 1);
INSERT INTO PERSONA (ID_PERSONA, NOMBRE, APELLIDO, TIPO_PERSONA) VALUES (16841266, 'CAMILA','BRICENO', 1);
INSERT INTO PERSONA (ID_PERSONA, NOMBRE, APELLIDO, TIPO_PERSONA) VALUES (16864078, 'CAMILA','BRIONES', 1);
INSERT INTO PERSONA (ID_PERSONA, NOMBRE, APELLIDO, TIPO_PERSONA) VALUES (16930630, 'CAMILA','BURDILES', 1);
INSERT INTO PERSONA (ID_PERSONA, NOMBRE, APELLIDO, TIPO_PERSONA) VALUES (16930665, 'CAMILA','BURGOS', 1);
INSERT INTO PERSONA (ID_PERSONA, NOMBRE, APELLIDO, TIPO_PERSONA) VALUES (16930740, 'CAMILA','BURGOS', 1);
INSERT INTO PERSONA (ID_PERSONA, NOMBRE, APELLIDO, TIPO_PERSONA) VALUES (16930755, 'CAMILA','BUSTOS', 1);
INSERT INTO PERSONA (ID_PERSONA, NOMBRE, APELLIDO, TIPO_PERSONA) VALUES (16957243, 'CAMILO','CAAMANO', 1);
INSERT INTO PERSONA (ID_PERSONA, NOMBRE, APELLIDO, TIPO_PERSONA) VALUES (16972032, 'CAMILO','CABEZA', 1);
INSERT INTO PERSONA (ID_PERSONA, NOMBRE, APELLIDO, TIPO_PERSONA) VALUES (16994685, 'CAMILO','CABEZAS', 1);
INSERT INTO PERSONA (ID_PERSONA, NOMBRE, APELLIDO, TIPO_PERSONA) VALUES (17000620, 'CARLA','CALABRIANO', 1);
INSERT INTO PERSONA (ID_PERSONA, NOMBRE, APELLIDO, TIPO_PERSONA) VALUES (17036064, 'CARLA','CAMINADA', 1);
INSERT INTO PERSONA (ID_PERSONA, NOMBRE, APELLIDO, TIPO_PERSONA) VALUES (17036231, 'CARLA','CAMPOS', 1);
INSERT INTO PERSONA (ID_PERSONA, NOMBRE, APELLIDO, TIPO_PERSONA) VALUES (17046070, 'CARLOS','CANDIA', 1);
INSERT INTO PERSONA (ID_PERSONA, NOMBRE, APELLIDO, TIPO_PERSONA) VALUES (17075523, 'CARLOS','CANTERO', 1);
INSERT INTO PERSONA (ID_PERSONA, NOMBRE, APELLIDO, TIPO_PERSONA) VALUES (17075610, 'CARLOS','CANTEROS', 1);
INSERT INTO PERSONA (ID_PERSONA, NOMBRE, APELLIDO, TIPO_PERSONA) VALUES (17075720, 'CARLOS','CARCAMO', 1);
INSERT INTO PERSONA (ID_PERSONA, NOMBRE, APELLIDO, TIPO_PERSONA) VALUES (17075728, 'CARLOS','CARCAMO', 1);
INSERT INTO PERSONA (ID_PERSONA, NOMBRE, APELLIDO, TIPO_PERSONA) VALUES (17075774, 'CAROLAINS','CARO', 1);
INSERT INTO PERSONA (ID_PERSONA, NOMBRE, APELLIDO, TIPO_PERSONA) VALUES (17075836, 'CAROLINA','CARRASCO', 1);
INSERT INTO PERSONA (ID_PERSONA, NOMBRE, APELLIDO, TIPO_PERSONA) VALUES (17076028, 'CAROLINA','CARRILLO', 1);
INSERT INTO PERSONA (ID_PERSONA, NOMBRE, APELLIDO, TIPO_PERSONA) VALUES (17076471, 'CECILIA','CARTES', 1);
INSERT INTO PERSONA (ID_PERSONA, NOMBRE, APELLIDO, TIPO_PERSONA) VALUES (17208151, 'CHRISTOPHER','CASANOVA', 1);
INSERT INTO PERSONA (ID_PERSONA, NOMBRE, APELLIDO, TIPO_PERSONA) VALUES (17246806, 'CINTHIA','CASTILLO', 1);
INSERT INTO PERSONA (ID_PERSONA, NOMBRE, APELLIDO, TIPO_PERSONA) VALUES (17247064, 'CLAUDIA','CASTRO', 1);
INSERT INTO PERSONA (ID_PERSONA, NOMBRE, APELLIDO, TIPO_PERSONA) VALUES (17291350, 'CLAUDIA','CATALAN', 1);
INSERT INTO PERSONA (ID_PERSONA, NOMBRE, APELLIDO, TIPO_PERSONA) VALUES (17291612, 'CLAUDIO','CATRIEN', 1);
INSERT INTO PERSONA (ID_PERSONA, NOMBRE, APELLIDO, TIPO_PERSONA) VALUES (17320351, 'CONSTANZA','CATRILEO', 1);
INSERT INTO PERSONA (ID_PERSONA, NOMBRE, APELLIDO, TIPO_PERSONA) VALUES (17320412, 'CONSTANZA','CAUTIVO', 1);
INSERT INTO PERSONA (ID_PERSONA, NOMBRE, APELLIDO, TIPO_PERSONA) VALUES (17320469, 'CONSTANZA','CAUTIVO', 1);
INSERT INTO PERSONA (ID_PERSONA, NOMBRE, APELLIDO, TIPO_PERSONA) VALUES (17320558, 'CONSTANZA','CEA', 1);
INSERT INTO PERSONA (ID_PERSONA, NOMBRE, APELLIDO, TIPO_PERSONA) VALUES (17320736, 'CONSTANZA','CEBALLOS', 1);
INSERT INTO PERSONA (ID_PERSONA, NOMBRE, APELLIDO, TIPO_PERSONA) VALUES (17320948, 'CRISTIAN','CERDA', 1);
INSERT INTO PERSONA (ID_PERSONA, NOMBRE, APELLIDO, TIPO_PERSONA) VALUES (17321004, 'CRISTIAN','CERONI', 1);
INSERT INTO PERSONA (ID_PERSONA, NOMBRE, APELLIDO, TIPO_PERSONA) VALUES (17321063, 'CRISTIAN','CHAMBLAS', 1);
INSERT INTO PERSONA (ID_PERSONA, NOMBRE, APELLIDO, TIPO_PERSONA) VALUES (17321119, 'CRISTIAN','CHANDIA', 1);
INSERT INTO PERSONA (ID_PERSONA, NOMBRE, APELLIDO, TIPO_PERSONA) VALUES (17321133, 'CRISTIAN','CHANDIA', 1);
INSERT INTO PERSONA (ID_PERSONA, NOMBRE, APELLIDO, TIPO_PERSONA) VALUES (17321138, 'CRISTIAN','CHAVEZ', 1);
INSERT INTO PERSONA (ID_PERSONA, NOMBRE, APELLIDO, TIPO_PERSONA) VALUES (17321254, 'CRISTOBAL','CHESTA', 1);
INSERT INTO PERSONA (ID_PERSONA, NOMBRE, APELLIDO, TIPO_PERSONA) VALUES (17321269, 'CRISTOBAL','CID', 1);
INSERT INTO PERSONA (ID_PERSONA, NOMBRE, APELLIDO, TIPO_PERSONA) VALUES (17321382, 'DAISSY','CIFUENTES', 1);
INSERT INTO PERSONA (ID_PERSONA, NOMBRE, APELLIDO, TIPO_PERSONA) VALUES (17321391, 'DALSY','CIFUENTES', 1);
INSERT INTO PERSONA (ID_PERSONA, NOMBRE, APELLIDO, TIPO_PERSONA) VALUES (17344176, 'DAMARIS','CISTERNAS', 1);

INSERT INTO PERSONA (ID_PERSONA, NOMBRE, APELLIDO, TIPO_PERSONA) VALUES (18135572, 'VIGOR','WILSON', 2);
INSERT INTO PERSONA (ID_PERSONA, NOMBRE, APELLIDO, TIPO_PERSONA) VALUES (18135632, 'ZUNIGA','YORDAN', 2);
INSERT INTO PERSONA (ID_PERSONA, NOMBRE, APELLIDO, TIPO_PERSONA) VALUES (17291656, 'CLAUDIO','BRAVO', 2);
INSERT INTO PERSONA (ID_PERSONA, NOMBRE, APELLIDO, TIPO_PERSONA) VALUES (17320509, 'CONSTANZA','CAYUMIL', 2);
INSERT INTO PERSONA (ID_PERSONA, NOMBRE, APELLIDO, TIPO_PERSONA) VALUES (17343568, 'DAMARIS','CISTERNA', 2);
INSERT INTO PERSONA (ID_PERSONA, NOMBRE, APELLIDO, TIPO_PERSONA) VALUES (17321074, 'CRISTIAN','CHAMORRO', 2);




INSERT INTO ASIGNACION (ID_PERSONA, ID_CURSO) VALUES (18135632,1);
INSERT INTO ASIGNACION (ID_PERSONA, ID_CURSO) VALUES (18135572,2);
INSERT INTO ASIGNACION (ID_PERSONA, ID_CURSO) VALUES (17343568,3);
INSERT INTO ASIGNACION (ID_PERSONA, ID_CURSO) VALUES (17321074,4);
INSERT INTO ASIGNACION (ID_PERSONA, ID_CURSO) VALUES (17320509,5);
INSERT INTO ASIGNACION (ID_PERSONA, ID_CURSO) VALUES (17291656,6);

INSERT INTO CURSANDO (ID_CURSO, ID_PERSONA) VALUES (1,15198488);
INSERT INTO CURSANDO (ID_CURSO, ID_PERSONA) VALUES (1,15194051);
INSERT INTO CURSANDO (ID_CURSO, ID_PERSONA) VALUES (1,15193807);
INSERT INTO CURSANDO (ID_CURSO, ID_PERSONA) VALUES (1,14466717);
INSERT INTO CURSANDO (ID_CURSO, ID_PERSONA) VALUES (1,14255614);
INSERT INTO CURSANDO (ID_CURSO, ID_PERSONA) VALUES (2,123456);
INSERT INTO CURSANDO (ID_CURSO, ID_PERSONA) VALUES (2,14072079);
INSERT INTO CURSANDO (ID_CURSO, ID_PERSONA) VALUES (2,13958996);
INSERT INTO CURSANDO (ID_CURSO, ID_PERSONA) VALUES (2,13853990);
INSERT INTO CURSANDO (ID_CURSO, ID_PERSONA) VALUES (2,13853689);

INSERT INTO CURSANDO (ID_CURSO, ID_PERSONA) VALUES (3,15198488);
INSERT INTO CURSANDO (ID_CURSO, ID_PERSONA) VALUES (3,15194051);
INSERT INTO CURSANDO (ID_CURSO, ID_PERSONA) VALUES (3,15193807);
INSERT INTO CURSANDO (ID_CURSO, ID_PERSONA) VALUES (3,14466717);
INSERT INTO CURSANDO (ID_CURSO, ID_PERSONA) VALUES (3,14255614);

INSERT INTO CURSANDO (ID_CURSO, ID_PERSONA) VALUES (4,15198488);
INSERT INTO CURSANDO (ID_CURSO, ID_PERSONA) VALUES (4,15194051);
INSERT INTO CURSANDO (ID_CURSO, ID_PERSONA) VALUES (4,15193807);
INSERT INTO CURSANDO (ID_CURSO, ID_PERSONA) VALUES (4,14466717);
INSERT INTO CURSANDO (ID_CURSO, ID_PERSONA) VALUES (4,14255614);

INSERT INTO CURSANDO (ID_CURSO, ID_PERSONA) VALUES (5,15198488);
INSERT INTO CURSANDO (ID_CURSO, ID_PERSONA) VALUES (5,15194051);
INSERT INTO CURSANDO (ID_CURSO, ID_PERSONA) VALUES (5,15193807);
INSERT INTO CURSANDO (ID_CURSO, ID_PERSONA) VALUES (5,14466717);
INSERT INTO CURSANDO (ID_CURSO, ID_PERSONA) VALUES (5,14255614);

INSERT INTO CURSANDO (ID_CURSO, ID_PERSONA) VALUES (6,15198488);
INSERT INTO CURSANDO (ID_CURSO, ID_PERSONA) VALUES (6,15194051);
INSERT INTO CURSANDO (ID_CURSO, ID_PERSONA) VALUES (6,15193807);
INSERT INTO CURSANDO (ID_CURSO, ID_PERSONA) VALUES (6,14466717);
INSERT INTO CURSANDO (ID_CURSO, ID_PERSONA) VALUES (6,14255614);



INSERT INTO NOTAS (NOTA, ID_CURSO, ID_PERSONA, FECHA_RENDIDA) VALUES (1, 1,15198488, '2020-07-01');
INSERT INTO NOTAS (NOTA, ID_CURSO, ID_PERSONA, FECHA_RENDIDA) VALUES (7, 1,15198488, '2020-06-01');
INSERT INTO NOTAS (NOTA, ID_CURSO, ID_PERSONA, FECHA_RENDIDA) VALUES (4, 1,15198488, '2020-08-01');
INSERT INTO NOTAS (NOTA, ID_CURSO, ID_PERSONA, FECHA_RENDIDA) VALUES (6, 1,15194051, '2020-06-01');
INSERT INTO NOTAS (NOTA, ID_CURSO, ID_PERSONA, FECHA_RENDIDA) VALUES (5, 1,15193807, '2020-06-01');
INSERT INTO NOTAS (NOTA, ID_CURSO, ID_PERSONA, FECHA_RENDIDA) VALUES (6, 1,14466717, '2020-06-01');
INSERT INTO NOTAS (NOTA, ID_CURSO, ID_PERSONA, FECHA_RENDIDA) VALUES (5, 1,14255614, '2020-06-01');
INSERT INTO NOTAS (NOTA, ID_CURSO, ID_PERSONA, FECHA_RENDIDA) VALUES (1, 2,123456, '2020-06-01');
INSERT INTO NOTAS (NOTA, ID_CURSO, ID_PERSONA, FECHA_RENDIDA) VALUES (1, 1,123456, '2020-06-02');
INSERT INTO NOTAS (NOTA, ID_CURSO, ID_PERSONA, FECHA_RENDIDA) VALUES (3, 2,14072079, '2020-06-01');
INSERT INTO NOTAS (NOTA, ID_CURSO, ID_PERSONA, FECHA_RENDIDA) VALUES (2, 2,13958996, '2020-06-01');
INSERT INTO NOTAS (NOTA, ID_CURSO, ID_PERSONA, FECHA_RENDIDA) VALUES (4, 2,13853990, '2020-06-01');
INSERT INTO NOTAS (NOTA, ID_CURSO, ID_PERSONA, FECHA_RENDIDA) VALUES (3, 2,13853689, '2020-06-01');
